step,loss,accuracy
2000,2.0292067527770996,0.426
4000,1.0654008388519287,0.694
6000,0.5906407237052917,0.836
8000,0.40232405066490173,0.896
10000,0.3342187702655792,0.919
