step,loss,lr
1,4.1024,1.0000000000000002e-06
2000,3.0338,8.081818181818183e-05
4000,1.8852,6.0636363636363635e-05
6000,1.3058,4.0444444444444444e-05
8000,1.0185,2.0252525252525253e-05
10000,0.8807,6.060606060606061e-08
10000,1.624917112159729,None
