step,loss,accuracy
5000,0.44080708290039844,0.005
10000,0.44146861327131426,0.003
15000,0.4411980137063501,0.004
20000,0.4414882011342571,0.003
25000,0.4416482012040133,0.004
30000,0.44173995050706366,0.004
35000,0.44205057888616994,0.004
40000,0.4417839240084169,0.004
45000,0.4419268454653264,0.004
50000,0.441996393170828,0.004
