step,loss,accuracy
5000,0.14784367382526398,nan
10000,0.09655869007110596,nan
15000,0.07515965402126312,nan
20000,0.05854876711964607,nan
step,loss,accuracy
5000,0.06394641846418381,nan
10000,0.05544903501868248,nan
15000,0.04271010309457779,nan
20000,0.04108887165784836,nan
25000,0.03155696392059326,nan
30000,0.028985675424337387,nan
