step,loss,lr
1,2.4737,2.0000000000000002e-07
5000,0.966,9.090909090909092e-05
10000,0.35,8.080808080808081e-05
15000,0.2284,7.071111111111111e-05
20000,0.1807,6.061414141414141e-05
step,loss,lr
1,0.1514,3.3333333333333335e-07
5000,0.1748,8.417508417508418e-05
10000,0.1494,6.734006734006735e-05
15000,0.1283,5.051178451178451e-05
20000,0.1179,3.368350168350168e-05
25000,0.1027,1.6855218855218857e-05
30000,0.0868,2.6936026936026936e-08
30000,0.1266502375513315,None
