step,loss,accuracy
2000,2.528169631958008,0.279
4000,1.579148292541504,0.501
6000,1.0975594520568848,0.651
8000,0.8078509569168091,0.733
10000,0.6934036016464233,0.775
