step,loss,lr
1,4.1448,1.0000000000000002e-06
2000,3.3304,8.081818181818183e-05
4000,2.276,6.0636363636363635e-05
6000,1.7125,4.0444444444444444e-05
8000,1.4165,2.0252525252525253e-05
10000,1.2636,6.060606060606061e-08
10000,1.9998771489620208,None
